,Model,Time
0,QL,0.18638920783996582
1,BM25 final implementation,0.027813434600830078
2,BM25 initial implementation,0.08593630790710449
3,Embeddings,0.3330957889556885
4,BM25Okapi,0.644336462020874
