,Model,Time
0,QL,19.70568013191223
1,BM25 final implementation,3.346527099609375
2,BM25 initial implementation,9.069627046585083
3,Embeddings,32.057804346084595
4,BM25Okapi,85.68564963340759
